Location,Subject,Date
"Cairo, Egypt",Portrait,2023-08-15
"London, UK",Mountain,2024-09-14
"Rome, Italy",Food,2021-10-14
"Yellowstone National Park, WY",Concert,2024-05-31
"Tokyo, Japan",Food,2024-01-16
"Machu Picchu, Peru",Festival,2022-08-03
"London, UK",City skyline,2021-11-01
"Rome, Italy",Mountain,2024-12-06
"Cape Town, South Africa",Festival,2021-07-25
"Tokyo, Japan",Street art,2024-06-18
"Rome, Italy",Food,2021-09-17
"Paris, France",Wedding,2022-03-06
"San Francisco, CA",Forest,2021-09-19
"San Francisco, CA",Festival,2023-12-28
"New York, NY",Portrait,2023-05-23
"Los Angeles, CA",Mountain,2022-09-06
"Tokyo, Japan",Sunset,2022-11-18
"Machu Picchu, Peru",Wedding,2023-03-22
"Paris, France",Festival,2022-02-12
"Sydney, Australia",Mountain,2022-01-04
"Los Angeles, CA",Forest,2023-02-27
"Paris, France",Portrait,2022-10-13
"Cape Town, South Africa",Birthday party,2025-04-20
"Machu Picchu, Peru",Architecture,2022-03-02
"Los Angeles, CA",Wildlife,2023-04-09
"New York, NY",Wedding,2022-06-30
"Berlin, Germany",Architecture,2024-12-17
"New York, NY",Sunset,2024-08-20
"Berlin, Germany",Festival,2021-04-30
"Tokyo, Japan",Beach,2022-03-22
"Paris, France",Beach,2025-02-14
"Berlin, Germany",Forest,2024-01-10
"Paris, France",Architecture,2025-02-15
"Berlin, Germany",Architecture,2024-09-16
"Cairo, Egypt",Forest,2022-04-18
"Grand Canyon, AZ",Mountain,2021-01-06
"New York, NY",Forest,2023-06-13
"London, UK",Concert,2023-10-26
"Machu Picchu, Peru",Forest,2022-06-21
"San Francisco, CA",Beach,2022-03-07
"Paris, France",Forest,2021-11-10
"London, UK",Portrait,2024-05-28
"Rio de Janeiro, Brazil",Concert,2023-09-10
"Tokyo, Japan",Museum exhibit,2021-08-16
"Cape Town, South Africa",Museum exhibit,2023-11-10
"San Francisco, CA",Forest,2023-08-22
"Berlin, Germany",Concert,2021-10-13
"Cairo, Egypt",Wildlife,2021-12-28
"New York, NY",Museum exhibit,2024-09-12
"Tokyo, Japan",Wedding,2024-06-21
"Paris, France",Street art,2023-10-30
"Machu Picchu, Peru",Birthday party,2022-03-13
"Grand Canyon, AZ",Concert,2021-01-19
"Yellowstone National Park, WY",Food,2023-03-04
"Tokyo, Japan",Beach,2025-01-14
"Sydney, Australia",Wedding,2021-03-31
"Paris, France",Concert,2024-12-23
"Machu Picchu, Peru",City skyline,2025-01-24
"Los Angeles, CA",Street art,2021-10-02
"Sydney, Australia",Concert,2021-04-01
"Berlin, Germany",Concert,2023-09-05
"Berlin, Germany",Wedding,2023-06-17
"New York, NY",Museum exhibit,2025-04-18
"Sydney, Australia",Street art,2023-02-16
"New York, NY",Birthday party,2024-06-23
"Berlin, Germany",Festival,2024-06-26
"Rome, Italy",Wildlife,2022-02-01
"Grand Canyon, AZ",Portrait,2022-08-08
"Machu Picchu, Peru",Birthday party,2022-01-28
"Los Angeles, CA",Museum exhibit,2024-05-16
"Grand Canyon, AZ",Mountain,2023-07-01
"Berlin, Germany",Wedding,2023-07-26
"Grand Canyon, AZ",Festival,2021-03-31
"Cape Town, South Africa",Forest,2021-11-12
"Rome, Italy",Wedding,2024-12-04
"Sydney, Australia",City skyline,2022-01-04
"Rome, Italy",Mountain,2022-11-19
"Cape Town, South Africa",Concert,2021-07-16
"Sydney, Australia",Sunset,2024-05-29
"Rome, Italy",Birthday party,2021-07-31
"Rome, Italy",Street art,2021-01-17
"Cairo, Egypt",Wildlife,2023-05-27
"Grand Canyon, AZ",Sunset,2023-12-21
"Cairo, Egypt",Birthday party,2021-08-23
"Los Angeles, CA",Birthday party,2021-08-09
"London, UK",Concert,2022-08-10
"Machu Picchu, Peru",Street art,2022-01-22
"Rome, Italy",Sunset,2023-10-14
"Machu Picchu, Peru",Birthday party,2022-10-02
"Rome, Italy",City skyline,2024-12-03
"Cape Town, South Africa",Sunset,2021-11-18
"Rome, Italy",Food,2022-01-17
"Machu Picchu, Peru",City skyline,2022-08-23
"London, UK",Concert,2021-12-18
"Los Angeles, CA",Food,2023-02-17
"Grand Canyon, AZ",Birthday party,2024-07-30
"Rio de Janeiro, Brazil",City skyline,2024-04-21
"London, UK",Wildlife,2024-03-04
"Grand Canyon, AZ",Sunset,2022-09-16
"Rome, Italy",Street art,2022-05-24